Aclens,100
Agiez,100
Aigle,100
Aire-la-ville,3
Allaman,3
Alle,3
Anieres,3
Apples,3
Arbaz,3
Arconciel,3
Ardon,3
Arnex-sur-orbe,3
Assens,3
Attalens,3
Aubonne,3
Autigny,3
Avenches,3
Avry,3
Avully,3
Ayent,3
Ballaigues,3
Ballens,3
Bardonnex,3
Basse-nendaz,3
Bassecourt,3
Baulmes,3
Bavois,3
Begnins,3
Belfaux,3
Bellevue,3
Belmont-sur-lausanne,3
Belmont-sur-yverdon,3
Belprahon,3
Bercher,3
Bernex,3
Berolle,3
Bettens,3
Beurnevesin,3
Bevaix,3
Bevilard,3
Bévilard,3
Bex,3
Biere,3
Billen-hennens,3
Bioley-magnoux,3
Bioley-orjulaz,3
Bironico,3
Blonay,3
Boecourt,3
Bofflens,3
Bole,3
Boncourt,3
Bonfol,3
Bonvillars,3
Bossonnens,3
Bottens,3
Boudry,3
Bougy-villars,3
Boulens,3
Bourg-saint-pierre,3
Bourg-en-lavaux,3
Bourrignon,3
Boussens,3
Bovernier,3
Bremblens,3
Bressaucourt,3
Brétigny-sur-morrens,3
Bretonnieres,3
Broc,3
Brot-dessus,3
Brot-plamboz,3
Buchillon,3
Bulle,3
Bullet,3
Bure,3
Bursinel,3
Bursins,3
Burtigny,3
Bussy-chardonney,3
Bussy-sur-moudon,3
Carouge,3
Cartigny,3
Celigny,3
Chalais,3
Chamoson,3
Champagne,3
Champery,3
Champvent,3
Chancy,3
Chardonne,3
Charmey,3
Charrat,3
Chateau d'oex,3
Chatel saint denis,3
Chatillon /ju,3
Châtonnaye,3
Chavanne-le-veyron,3
Chavannes-le-chêne,3
Chavannes-renens,3
Chavornay,3
Cheiry,3
Chêne-bougeries,3
Chene-bourg,3
Chenens,3
Cheseaux-lausanne,3
Cheserex,3
Chessel,3
Chevenez,3
Chevilly,3
Chevroux,3
Chexbres,3
Cheyres,3
Chippis,3
Choulex,3
Clarmont,3
Coeuve,3
Collex-bossy,3
Collonge-bellerive,3
Collonges,3
Cologny,3
Colombier /ne,3
Commugny,3
Concise,3
Confignon,3
Conthey,3
Coppet,3
Corban,3
Corbeyrier,3
Corbiéres,3
Corcelles,3
Corcelles-le-jorat,3
Corcelles-près-payerne,3
Corcelles-sur-chavornay,3
Corgemont,3
Corminboeuf,3
Cormoret,3
Cornaux,3
Cornol,3
Corseaux,3
Corserey/fr,3
Corsier (ge),3
Corsier-sur-vevey,3
Cortaillod,3
Cortebert,3
Cottens /fr,3
Cottens /vd,3
Courchapoix,3
Courchavon,3
Courfaivre,3
Courgenay,3
Courgevaux,3
Courrendlin,3
Courroux,3
Court,3
Courtedoux,3
Courtelary,3
Courtemaîche,3
Courtepin,3
Courtetelle,3
Crans-pres-celigny,3
Crassier,3
Cremin,3
Cremines,3
Cressier,3
Cressier /ne,3
Cresuz,3
Crissier,3
Cronay,3
Croy,3
Cuarny,3
Cudrefin,3
Cugy /fr,3
Curtilles,3
Daillens,3
Dardagny,3
Delemont,3
Delley-portalban,3
Denens,3
Develier,3
Dizy,3
Domdidier,3
Dompierre /vd,3
Donneloye,3
Dorenaz,3
Duillier,3
Echallens,3
Echandens,3
Echarlens,3
Echichens,3
Eclepens,3
Ecublens /vd,3
Enges,3
Epalinges,3
Ependes /fr,3
Ependes /vd,3
Eschert,3
Essert-pittet,3
Essertes,3
Essertine-sur-rolle,3
Essertines-sur-yverdon,3
Etoy,3
Evilard,3
Evionnaz,3
Evolene,3
Fahy,3
Faoug,3
Farvagny,3
Fechy,3
Ferlens,3
Ferreyres,3
Fetigny,3
Fey,3
Fiez,3
Finhaut,3
Fleurier,3
Fontaines-sur-grandson,3
Fontenais,3
Forel ,3
Forel (lavaux),3
Founex,3
Fribourg,3
Froideville,3
Fully,3
Genève,3
Genthod,3
Giez,3
Gilly,3
Gimel,3
Givisiez,3
Gland,3
Gletterens,3
Glovelier,3
Gollion,3
Gorgier,3
Goumoens-la-ville,3
Grancy,3
Grand-lancy,3
Grandcour,3
Grandfontaine,3
Grandson,3
Grandval,3
Grandvaux,3
Grandvillard,3
Granges-paccot,3
Granges-veveyse,3
Grangettes,3
Grimisuat,3
Grolley,3
Grone,3
Gruyères,3
Gryon,3
Gy,3
Hauterive,3
Hauteville,3
Henniez,3
Heremence,3
Hermance,3
Hermenches,3
Icogne,3
Iserables,3
Jongny,3
Juriens,3
Jussy,3
L'abbaye,3
L'isle,3
La brevine,3
La chaux-cossonay,3
La chaux-du-milieu,3
La côte aux fées,3
La heutte,3
La neuveville,3
La praz,3
La sagne,3
La sarraz,3
La tour-de-peilz,3
La-chaux-de-fonds,3
Laconnex,3
Lamboing,3
Lausanne,3
Lavigny,3
Le bemont (ju),3
Le cerneux-pequignot,3
Le chatelard,3
Le cret,3
Le grand-saconnex,3
Le landeron,3
Le lieu,3
Le locle,3
Le mont,3
Le mouret,3
Le vaud,3
Lens,3
Lentigny,3
Les bois,3
Les brenets,3
Les breuleux,3
Les clees,3
Les enfers,3
Les genevez (ju),3
Les planchettes,3
Les pommerats,3
Les verrieres,3
Leysin,3
Leytron,3
Liddes,3
Lignerolle,3
Lignieres,3
Lonay,3
Longirod,3
Lovatens,3
Loveresse,3
Lucens,3
Luins,3
Lully /vd,3
Lussery-vilars,3
Lussy,3
Lussy-sur-morges,3
Lutry,3
Maracon,3
Marchissy,3
Marin-epanier,3
Marly,3
Marsens,3
Martigny,3
Massongex,3
Massonnens,3
Mathod,3
Mauborget,3
Mendrisio,3
Menieres,3
Mervelier,3
Mettembert,3
Mex (vd),3
Meyrin 1,3
Mézières /fr,3
Miecourt,3
Miège,3
Misery,3
Missy,3
Moiry,3
Mollens /vd,3
Mollens /vs,3
Molondin,3
Mont-la-ville,3
Mont-sur-rolle,3
Mont-tramelan,3
Montcherand,3
Montet,3
Montfaucon,3
Montherod,3
Monthey,3
Montignez,3
Montpreveyres,3
Montreux,3
Montricher,3
Morges,3
Morlon,3
Morrens,3
Moudon,3
Moutier,3
Movelier,3
Murist,3
Nax,3
Neyruz,3
Nods,3
Noreaz,3
Noville,3
Nuvilly,3
Nyon,3
Ogens,3
Ollon,3
Onex,3
Onnens /vd,3
Oppens,3
Orbe,3
Orges,3
Orny,3
Orsieres,3
Orvin,3
Orzens,3
Oulens-echallens,3
Pailly,3
Palézieux-village,3
Pampigny,3
Paudex,3
Payerne,3
Penthalaz,3
Penthaz,3
Penthereaz,3
Perly-certoux,3
Perrefitte,3
Perroy,3
Péry,3
Peseux,3
Plagne,3
Plan-les-ouates,3
Pleigne,3
Poliez-pittet,3
Pompaples,3
Pomy,3
Pont-la-ville,3
Pontenet,3
Porrentruy,3
Prangins,3
Pregny-chambesy,3
Preles,3
Premier,3
Presinge,3
Preverenges,3
Prevonloup,3
Prez-vers-noreaz,3
Prilly,3
Provence,3
Puidoux,3
Puplinge,3
Rance,3
Randogne,3
Rebeuvelier,3
Reconvilier,3
Remaufens,3
Renan,3
Renens,3
Reverolle,3
Riaz,3
Riddes,3
Roche,3
Rochefort,3
Rocourt,3
Rolle,3
Romanel s/lausanne,3
Romanel-sur-morges,3
Romont/be,3
Romont/fr,3
Ropraz,3
Rossemaison,3
Rossens /fr,3
Rossiniere,3
Rougemont,3
Rovray,3
Rueyres (vd),3
Rueyres-les-pres,3
Russin,3
Saicourt,3
Saillon,3
Saint-aubin,3
Saint-barthelemy,3
Saint-blaise,3
Saint-brais,3
Saint-cergue,3
Saint-imier,3
Saint-legier,3
Saint-leonard,3
Saint-livres,3
Saint-martin /fr,3
Saint-martin /vs,3
Saint-maurice,3
Saint-oyens,3
Saint-prex,3
Saint-ursanne,3
Salavaux,3
Salins,3
Salvan,3
Satigny,3
Saubraz,3
Saulcy,3
Saviese,3
Savigny,3
Saxon,3
Sembrancher,3
Semsales,3
Servion,3
Sevaz,3
Severy,3
Sierre,3
Sion,3
Siviriez,3
Sonvilier,3
Soral,3
Sorens,3
Sorvilier,3
Sottens,3
Souboz,3
Soulce,3
Soyhieres,3
St-gingolph,3
Suchy,3
Surpierre,3
Suscevaz,3
Syens,3
Tavannes,3
Thonex,3
Tolochenaz,3
Torny,3
Tramelan,3
Trey,3
Treycovagnes,3
Treyvaux,3
Trient,3
Troinex,3
Troistorrents,3
Undervelier,3
Ursy,3
Val-d'illiez,3
Valangin,3
Valeyres-montagny,3
Valeyres-sous-rances,3
Vallorbe,3
Vandoeuvres,3
Vauffelin,3
Vaulion,3
Vaulruz,3
Vaumarcus,3
Vaux-sur-morges,3
Vendlincourt,3
Venthone,3
Vernayaz,3
Vernier,3
Vérossaz,3
Versoix,3
Vetroz,3
Vevey,3
Vex,3
Veyras,3
Veyrier,3
Veysonnaz,3
Vich,3
Vicques,3
Villars-le-comte,3
Villars-le-terroir,3
Villars-sous-yens,3
Villars-ste croix,3
Villars-sur-glane,3
Villarsiviriaux,3
Villarzel,3
Villaz-saint-pierre,3
Villeneuve /vd,3
Villeret,3
Vinzel,3
Vionnaz,3
Vollèges,3
Vouvry,3
Vuarrens,3
Vufflens-la-ville,3
Vufflens-le château,3
Vugelles-la-mothe,3
Vuisternens devant romont,3
Vuiteboeuf,3
Vulliens,3
Vullierens,3
Yens,3
Yverdon-les-bains,3
Yvonand,3
Aathal-seegräben,3
Abtwil,3
Adelboden,3
Adligenswil,3
Adlikon b. andelfingen,3
Adliswil,3
Aedermannsdorf,3
Aefligen,3
Aegerten,3
Aesch bl,3
Aesch,3
Aesch zh,3
Aeschi so,3
Aeschi b. spiez,3
Aeugst am albis,3
Affeltrangen,3
Affoltern i.e.,3
Affoltern am albis,3
Agarn,3
Alberswil,3
Albinen,3
Alchenflüh be,3
Koppigen,3
Allmendingen,3
Alpnach dorf,3
Alpthal,3
Alt st. johann,3
Altbüron,3
Altdorf,3
Altendorf,3
Alterswil,3
Altikon,3
Altishofen,3
Altnau,3
Altstätten,3
Amden,3
Ammerswil,3
Amriswil,3
Amsoldingen,3
Andeer,3
Andelfingen,3
Andermatt,3
Andwil /sg,3
Anwil,3
Appenzell,3
Arboldswil,3
Arbon,3
Arch,3
Arisdorf,3
Aristau,3
Arlesheim,3
Arni be,3
Arni,3
Arosa,3
Arth,3
Reitnau,3
Attinghausen,3
Attiswil,3
Au,3
Auenstein,3
Augst,3
Ausserberg,3
Ausserferrera,3
Auswil,3
Auw,3
Baar,3
Bachenbülach,3
Bachs,3
Bad ragaz,3
Baden,3
Baeretswil,3
Bäriswil,3
Baerschwil,3
Baetterkinden,3
Baettwil,3
Balgach,3
Ballwil,3
Balsthal,3
Baltschieder,3
Balzers,3
Bannwil,3
Bargen,3
Basadigen,3
Basel,3
Bassersdorf,3
Bauen,3
Bauma,3
Beatenberg,3
Beckenried,3
Beggingen,3
Beinwil /ag,3
Beinwil am see,3
Bellach,3
Bellikon,3
Bellmund,3
Bellwald,3
Belp,3
Benken,3
Bennwil,3
Benzenschwil,3
Berg sg,3
Berg am irchel,3
Bergdietikon,3
Berikon,3
Beringen,3
Berlingen,3
Berneck,3
Besenbüren,3
Bettmeralp,3
Bettenhausen,3
Bettingen,3
Bettlach,3
Bettwiesen,3
Bettwil,3
Bever,3
Biberist,3
Biberstein,3
Biel/bienne,3
Biel-benken,3
Biezwil,3
Biglen,3
Niederurnen,3
Binn,3
Binningen,3
Birmensdorf,3
Birrhard,3
Birrwil,3
Birsfelden,3
Bischofszell,3
Amlikon-bissegg,3
Bitsch,3
Blauen,3
Bleienbach,3
Blumenstein,3
Böckten,3
Bönigen,3
Bösingen,3
Kleindöttingen,3
Bözen,3
Bolligen,3
Boltigen,3
Bonaduz,3
Bonningen,3
Boniswil,3
Bonstetten,3
Boppelsen,3
Boswil,3
Bottenwil,3
Bottighofen,3
Bottmingen bl,3
Bowil,3
Braunau,3
Breil/brigels,3
Breitenbach,3
Bremgarten,3
Brenzikofen,3
Bretzwil,3
Brienz,3
Brienzwiler,3
Brislach,3
Brittnau,3
Bronschhofen,3
Brügg,3
Brünisried,3
Brüttelen,3
Brütten,3
Brüttisellen,3
Brugg,3
Brunegg/ag,3
Brunnen,3
Brunnenthal,3
Bubendorf,3
Bubikon,3
Buch,3
Buch am irchel,3
Buchberg,3
Buchrain,3
Buchs,3
Buchs zh,3
Buckten,3
Büetigen,3
Bühler ar,3
Bülach,3
Bünzen,3
Bürchen,3
Büren,3
Büren an der aare,3
Bueren zum hof,3
Bürglen,3
Buerglen /ur,3
Büsserach,3
Bütschwil,3
Büttenhardt,3
Büttikon,3
Buochs,3
Menziken,3
Burg i.l.,3
Burgdorf,3
Burgistein,3
Busswil b. m.,3
Buttisholz,3
Buttwil,3
Buus,3
Cazis,3
Celerina,3
Cham,3
Chur,3
Churwalden,3
Conters i.p.,3
Cumbel,3
Curalia,3
Dachsen,3
Dällikon,3
Daeniken,3
Därligen,3
Därstetten,3
Dättlikon,3
Dagmersellen,3
Dallenwil,3
Davos platz 1,3
Degersheim,3
Deitingen,3
Densbüren,3
Derendingen,3
Diegten,3
Dielsdorf,3
Diepflingen,3
Diepoldsau,3
Dierikon,3
Diessbach b. büren,3
Diessenhofen,3
Dietikon,3
Dietlikon,3
Dietwil,3
Dinhard,3
Dintikon,3
Disentis/muster,3
Dittingen,3
Dörflingen,3
Döttingen,3
Domat/ems,3
Doppleschwand,3
Dorf,3
Dornach,3
Dottikon,3
Dotzigen,3
Dozwil,3
Dübendorf,3
Düdingen,3
Duernten,3
Duerrenroth,3
Dulliken,3
Ebikon,3
Ebnat-kappel,3
Effingen,3
Egerkingen,3
Egg b. zuerich,3
Eggenwil,3
Eggerberg,3
Eggersriet,3
Eggiwil,3
Eglisau,3
Egliswil,3
Egolzwil,3
Ehrendingen,3
Eich,3
Eichberg,3
Eiken,3
Eischoll,3
Eisten,3
Elfingen,3
Elgg,3
Embd,3
Emmen,3
Emmetten,3
Endingen,3
Engelberg,3
Ennetbaden,3
Ennetbuergen,3
Ennetmoos,3
Entlebuch,3
Ergisch,3
Eriswil,3
Eriz,3
Erlach,3
Erlen,3
Erlenbach ,3
Erlenbach /zh,3
Erlinsbach,3
Ermatingen,3
Ermensee,3
Ernen,3
Erschwil,3
Ersigen,3
Erstfeld,3
Eschenbach,3
Eschenbach /sg,3
Eschenz,3
Eschlikon,3
Escholzmatt,3
Ettingen,3
Ettiswil,3
Etziken,3
Faellanden,3
Fahrni,3
Fahrwangen,3
Falera,3
Farnern,3
Fehraltorf,3
Fehren,3
Felben-wellhausen,3
Feldbrunnen--st. niklaus,3
Felsberg,3
Ferden,3
Feuerthalen,3
Fiesch,3
Filisur,3
Fischbach,3
Fischbach-goeslikon,3
Fischingen,3
Fisibach,3
Fislisbach,3
Flaach,3
Fläsch,3
Flawil,3
Flerden,3
Flims,3
Flueelen,3
Fluehli,3
Flumenthal,3
Flums,3
Flurlingen,3
Fraeschels,3
Frauenfeld,3
Frauenkappelen,3
Freienbach,3
Freienwil,3
Frenkendorf,3
Frick,3
Frutigen,3
Füllinsdorf,3
Fürstenau,3
Fulenbach,3
Leibstadt,3
Furna,3
Gachnang,3
Gadmen,3
Gaensbrunnen,3
Gais,3
Siebnen,3
Galmiz,3
Gals,3
Gampel,3
Gampelen,3
Gams,3
Gansingen,3
Gebenstorf,3
Gelterkinden,3
Gempen,3
Gempenach,3
Gerlafingen,3
Geroldswil,3
Gersau,3
Gerzensee,3
Gettnau,3
Geuensee,3
Giffers,3
Gipf-oberfrick,3
Gisikon,3
Giswil,3
Glarus,3
Glattfelden,3
Göschenen,3
Goldach,3
Goldingen,3
Gommiswald,3
Gondiswil,3
Gonten,3
Gontenschwil,3
Gossau /sg,3
Gossau /zh,3
Grabs,3
Graechen,3
Graenichen,3
Greifensee,3
Grellingen,3
Grenchen,3
Grengiols,3
Greppen,3
Gretzenbach,3
Grindel,3
Grindelwald,3
Grossaffoltern,3
Grossdietwil,3
Grosshöchstetten,3
Grosswangen,3
Grub (ar),3
Grueningen,3
Grüsch,3
Gsteig ,3
Gsteigwiler,3
Günsberg,3
Guettingen,3
Guggisberg,3
Aadorf,3
Guntmadingen,3
Gunzgen,3
Gurbrue,3
Gurmels,3
Gurtnellen,3
Gurzelen,3
Guttannen,3
Habkern,3
Habsburg,3
Haefelfingen,3
Haegendorf,3
Haeggenschwil,3
Haegglingen,3
Haerkingen,3
Hagenbuch,3
Haldenstein,3
Hallau,3
Hallwil,3
Hasle,3
Haslen gl,3
Hauenstein-ifenthal,3
Hauptwil,3
Haussen am albis,3
Hausen ag,3
Hedingen,3
Heiden,3
Heiligenschwendi,3
Heimberg,3
Heimenhausen,3
Heimiswil,3
Heitenried,3
Hellikon,3
Hemberg,3
Hemmiken,3
Hendschiken,3
Henggart,3
Herbetswil,3
Lanzenneunform,3
Hergiswil b. w.,3
Herisau,3
Hermrigen,3
Herrliberg,3
Winistorf,3
